,Fajr,Shorouq,Zohr,Asr,Maghrib,Isha
2018-01-01,5.198620223189634,6.627958858986865,11.94379781504363,14.929627262292376,17.259636771100396,18.759636771100396
2018-01-02,5.204303381640409,6.63274970639485,11.951642558382131,14.940021879120915,17.270535410369412,18.770535410369412
2018-01-03,5.2096957418651275,6.6371745993311055,11.95939306977931,14.950544591613713,17.281611540227516,18.781611540227516
2018-01-04,5.214789793592182,6.641227929401081,11.967040942687023,14.961183472636161,17.292853955972966,18.792853955972966
2018-01-05,5.2195782972518545,6.644904494926485,11.974577969682674,14.97192653013233,17.30425144443886,18.80425144443886
2018-01-06,5.224054295009659,6.648199505598919,11.981996156098797,14.982761730570179,17.315792806598672,18.815792806598672
2018-01-07,5.228211120912903,6.65110858593325,11.989287732907284,14.99367702217653,17.327466879881317,18.827466879881317
2018-01-08,5.232042410129479,6.6536277775397465,11.996445168822484,15.004660357872076,17.339262560105222,18.839262560105222
2018-01-09,5.235542107268843,6.655753540245545,12.003461181597944,15.01569971782579,17.351168822950342,18.851168822950342
2018-01-10,5.238704473775798,6.6574827520970254,12.010328748491963,15.026783131547731,17.3631747448869,18.8631747448869
2018-01-11,5.241524094394833,6.658812708281755,12.01704111588407,15.037898699445481,17.375269523486384,18.875269523486384
2018-01-12,5.2439958827091875,6.659741119014685,12.023591808031005,15.049034613776143,17.387442497047324,18.887442497047324
2018-01-13,5.246115085759477,6.6602661064332525,12.02997463495144,15.060179178926623,17.39968316346963,18.89968316346963
2018-01-14,5.247877287755356,6.660386200553608,12.036183699437522,15.071320830964712,17.411981198321435,18.911981198321435
2018-01-15,5.249278412896582,6.6601003343417835,12.042213403194584,15.08244815640792,17.424326472047383,18.924326472047383
2018-01-16,5.250314727322369,6.6594078379545945,12.048058452113146,15.09354991016123,17.436709066271696,18.936709066271696
2018-01-17,5.25098284021435,6.658308432209671,12.053713860684294,15.104615032583762,17.449119289158915,18.949119289158915
2018-01-18,5.25127970407987,6.65680222134342,12.059174955571503,15.115632665648622,17.461547689799588,18.961547689799588
2018-01-19,5.251202614245466,6.654889685116767,12.064437378355619,15.126592168165931,17.47398507159447,18.97398507159447
2018-01-20,5.25074920759501,6.652571670330748,12.069497087475076,15.137483130047368,17.486422504619405,18.986422504619405
2018-01-21,5.249917460586201,6.649849381810954,12.074350359383349,15.148295385593,17.498851336955745,18.998851336955745
2018-01-22,5.248705686584408,6.646724372922592,12.078993788951644,15.159019025790293,17.511263204980697,19.011263204980697
2018-01-23,5.247112532552325,6.643198535674922,12.083424289145208,15.169644409618641,17.523650042615493,19.023650042615493
2018-01-24,5.245136975135297,6.639274090472706,12.087639090003654,15.180162174357804,17.5360040895346,19.0360040895346
2018-01-25,5.2427783161851975,6.6349535755728,12.091635736959718,15.190563244906016,17.548317898346635,19.048317898346635
2018-01-26,5.240036177763519,6.630239836299312,12.095412088529375,15.200838842115235,17.56058434075944,19.06058434075944
2018-01-27,5.236910496666861,6.625136014070846,12.098966313409582,15.210980490157498,17.572796612748316,19.072796612748316
2018-01-28,5.23340151851757,6.619645535290644,12.102296887020316,15.220980022939994,17.584948238749988,19.084948238749988
2018-01-29,5.229509791461318,6.613772100147041,12.105402587527461,15.23082958958956,17.59703307490788,19.09703307490788
2018-01-30,5.225236159514238,6.607519671370522,12.10828249138453,15.240521659031575,17.60904531139854,19.10904531139854
2018-01-31,5.220581755600272,6.600892462989538,12.110935968430192,15.25004902369043,17.620979473870847,19.120979473870847
2018-02-01,5.21554799431942,6.5938949291253826,12.11336267657917,15.259404802341956,17.632830424032957,19.132830424032957
2018-02-02,5.21013656448664,6.586531752863785,12.115562556143876,15.268582442150837,17.64459335942397,19.14459335942397
2018-02-03,5.204349421479206,6.57880783523715,12.117535823822884,15.277575719927297,17.656263812408618,19.156263812408618
2018-02-04,5.198188779428845,6.570728284348587,12.119282966391314,15.286378742638675,17.66783764843404,19.16783764843404
2018-02-05,5.191657103295383,6.562298404667754,12.120804734129331,15.294985947214942,17.67931106359091,19.17931106359091
2018-02-06,5.184757100853857,6.55352368652264,12.122102134020581,15.30339209968493,17.69068058151852,19.19068058151852
2018-02-07,5.177491714628997,6.544409795812342,12.123176422754886,15.311592293684342,17.70194304969743,19.20194304969743
2018-02-08,5.169864113805809,6.534962563959651,12.12402909956464,15.319581948373646,17.71309563516963,19.21309563516963
2018-02-09,5.1618776861460125,6.525187978122629,12.124661898925972,15.32735680580702,17.724135819729312,19.224135819729312
2018-02-10,5.153536029936873,6.51509217168043,12.125076783152588,15.334912927791809,17.735061394624747,19.235061394624747
2018-02-11,5.144842945996907,6.50468141500597,12.125275934908647,15.342246692277655,17.745870454811325,19.245870454811325
2018-02-12,5.1358024297620215,6.493962106536793,12.125261749666272,15.34935478931481,17.756561392795753,19.256561392795753
2018-02-13,5.126418663473801,6.482940764153257,12.12503682813164,15.356234216620336,17.76713289211002,19.26713289211002
2018-02-14,5.116696008488718,6.471624016870006,12.12460396866096,15.3628822747892,17.777583920451914,19.277583920451914
2018-02-15,5.106638997726933,6.460018596846512,12.12396615968743,15.36929656218746,17.78791372252835,19.28791372252835
2018-02-16,5.096252328276099,6.448131331719138,12.123126572177418,15.375474969562685,17.798121812635696,19.298121812635696
2018-02-17,5.085540854164838,6.43596913725646,12.122088552133157,15.381415674405947,17.808207967009853,19.308207967009853
2018-02-18,5.074509579319521,6.4235390103386925,12.120855613158513,15.387117135099405,17.818172215978333,19.318172215978333
2018-02-19,5.063163650714144,6.410848022258385,12.119431429100272,15.392578084879483,17.82801483594216,19.32801483594216
2018-02-20,5.051508351724572,6.397903312341207,12.117819826779236,15.39779752564764,17.837736341217266,19.337736341217266
2018-02-21,5.039549095695077,6.384712081882651,12.116024778821604,15.402774721656721,17.847337475760558,19.347337475760558
2018-02-22,5.0272914197235155,6.371281588395159,12.114050396599891,15.407509193099775,17.856819204804623,19.356819204804623
2018-02-23,5.014740978672554,6.357619140161559,12.11190092329338,15.412000709628575,17.8661827064252,19.3661827064252
2018-02-24,5.00190353940979,6.34373209108661,12.109580727073519,15.416249283824358,17.875429363060427,19.375429363060427
2018-02-25,4.988784975281506,6.329627835840619,12.107094294421636,15.42025516464502,17.884560753002653,19.384560753002653
2018-02-26,4.975391260822218,6.315313805287003,12.104446223583322,15.424018830869382,17.893578641879643,19.393578641879643
2018-02-27,4.961728466700934,6.300797462184866,12.10164121816285,15.427540984558025,17.902484974140833,19.402484974140833
2018-02-28,4.947802754905024,6.286086297157975,12.098684080860618,15.430822544549207,17.91128186456326,19.41128186456326
2018-03-01,4.9336203741620155,6.271187824921518,12.095579707356016,15.43386464000739,17.919971589790514,19.419971589790514
2018-03-02,4.91918765559645,6.256109580755141,12.0923330803347,15.436668604037859,17.92855657991426,19.42855657991426
2018-03-03,4.904511008622439,6.240859117214822,12.088949263662885,15.439235967384274,17.93703941011095,19.43703941011095
2018-03-04,4.889596917067083,6.225444001071006,12.085433396705268,15.441568452219117,17.945422792339528,19.445422792339528
2018-03-05,4.87445193552283,6.209871810463852,12.081790688786404,15.4436679660399,17.953709567108955,19.453709567108955
2018-03-06,4.859082685925524,6.194150132265427,12.078026413793634,15.445536595681649,17.96190269532184,19.46190269532184
2018-03-07,4.843495854352678,6.178286559637003,12.07414590491743,15.447176601453267,17.970005250197858,19.470005250197858
2018-03-08,4.827698188038477,6.162288689771888,12.07015454952701,15.448590411406958,17.97802040928213,19.47802040928213
2018-03-09,4.811696492600377,6.146164121812965,12.066057784177023,15.449780615747072,17.98595144654108,19.48595144654108
2018-03-10,4.79549762947083,6.129920454933277,12.061861089740072,15.450749961383243,17.993801724546866,19.493801724546866
2018-03-11,4.779108513530168,6.113565286570679,12.057569986661981,15.451501346634231,18.001574686753283,19.501574686753283
2018-03-12,4.7625361109329996,6.097106210804399,12.053190030333136,15.452037816084635,18.009273849861874,19.509273849861874
2018-03-13,4.745787437122272,6.080550816863416,12.04872680657082,15.452362555597762,18.016902796278224,19.516902796278224
2018-03-14,4.728869555025527,6.063906687757277,12.044185927208124,15.452478887487985,18.02446516665897,19.52446516665897
2018-03-15,4.71178957342471,6.047181399017136,12.03957302578134,15.4523902658516,18.031964652545547,19.531964652545547
2018-03-16,4.694554645493596,6.03038251753777,12.034893753310923,15.452100272057946,18.039404989084076,19.539404989084076
2018-03-17,4.677171967496146,6.013517600510954,12.030153774170113,15.451612610400874,18.04678994782927,19.54678994782927
2018-03-18,4.659648777636642,5.99659419443826,12.025358762032878,15.450931103907692,18.054123329627497,19.554123329627497
2018-03-19,4.641992355056547,5.979619834215885,12.020514395897253,15.45005969030664,18.06140895757862,19.56140895757862
2018-03-20,4.624210018968021,5.962602042279228,12.01562635617477,15.449002418147835,18.068650670070312,19.568650670070312
2018-03-21,4.60630912791753,5.945548327798818,12.010700320840755,15.447763443076377,18.07585231388269,19.57585231388269
2018-03-22,4.588297079171846,5.928466185918209,12.005741961638899,15.446347024254191,18.08301773735959,19.58301773735959
2018-03-23,4.570181308217288,5.9113630970234174,12.000756940332485,15.444757520925684,18.09015078364155,19.59015078364155
2018-03-24,4.551969288364267,5.894246526034764,11.995750904995731,15.442999389122805,18.0972552839567,19.5972552839567
2018-03-25,4.533668530449916,5.877123921713162,11.990729486340095,15.44107717850592,18.10433505096703,19.60433505096703
2018-03-26,4.515286582627886,5.8600027159692925,11.985698294066369,15.438995529332246,18.111393872163447,19.611393872163447
2018-03-27,4.496831030239023,5.842890323169105,11.980662913238746,15.436759169548505,18.118435503308387,19.618435503308387
2018-03-28,4.478309495752304,5.825794139424986,11.975628900672794,15.434372911999493,18.1254636619206,19.6254636619206
2018-03-29,4.459729638767325,5.808721541864124,11.970601781331478,15.431841651745888,18.132482020798832,19.632482020798832
2018-03-30,4.441099156070271,5.791679887866592,11.965587044724629,15.429170363485387,18.139494201582664,19.639494201582664
2018-03-31,4.42242578173191,5.774676514262479,11.960590141303843,15.42636409906702,18.146503768345205,19.646503768345205
2018-04-01,4.403717287239153,5.75771873648081,11.95561647884866,15.423427985091902,18.153514221216508,19.653514221216508
2018-04-02,4.38498148165054,5.7408138476421176,11.950671418838883,15.420367220591924,18.16052899003565,19.66052899003565
2018-04-03,4.36622621176411,5.723969117584943,11.945760272806632,15.417187074776013,18.16755142802832,19.66755142802832
2018-04-04,4.347459362288728,5.7071917918195565,11.94088829866474,15.41389288483586,18.174584805509923,19.674584805509923
2018-04-05,4.328688856007297,5.690489090399982,11.93606069700639,15.410490053800686,18.181632303612798,19.681632303612798
2018-04-06,4.30992265392059,5.6738682067059605,11.93128260737124,15.406984048430115,18.18869700803652,19.68869700803652
2018-04-07,4.291168755361581,5.657336306128279,11.92655910447569,15.403380397136004,18.1957819028231,19.6957819028231
2018-04-08,4.272435198067258,5.640900524648301,11.921895194402364,15.399684687920706,18.202889864156425,19.702889864156425
2018-04-09,4.25373005819634,5.624567967304477,11.917295810746149,15.395902566320624,18.21002365418782,19.71002365418782
2018-04-10,4.235061450281713,5.608345706539606,11.912765810715497,15.392039733344692,18.217185914891388,19.717185914891388
2018-04-11,4.216437527102527,5.592240780419172,11.908309971184242,15.388101943392936,18.22437916194931,19.72437916194931
2018-04-12,4.197866479465296,5.576260190716081,11.903932984694828,15.384095002145195,18.231605778673575,19.731605778673575
2018-04-13,4.179356535878773,5.560410900853213,11.899639455409954,15.38002476440534,18.238868009966694,19.738868009966694
2018-04-14,4.1609159621093,5.544699833697648,11.895433895012522,15.37589713188834,18.246167956327394,19.746167956327394
2018-04-15,4.142553060602736,5.529133869200543,11.891320718554086,15.371718050936916,18.25350756790763,19.75350756790763
2018-04-16,4.1242761697577315,5.513719841876021,11.887304240251867,15.367493510153661,18.260888638627712,19.760888638627712
2018-04-17,4.106093663034983,5.49846453811285,11.883388669234796,15.363229537933858,18.268312800356743,19.768312800356743
2018-04-18,4.088013947888184,5.483374693314717,11.879578105241656,15.358932199886127,18.275781517168596,19.775781517168596
2018-04-19,4.0700454644990955,5.468456988862177,11.875876534271805,15.354607596124456,18.283296079681435,19.783296079681435
2018-04-20,4.052196684302058,5.453718048893132,11.872287824192927,15.35026185841841,18.290857599492725,19.790857599492725
2018-04-21,4.034476108280537,5.439164436896742,11.868815720308783,15.345901147185877,18.298467003720823,19.798467003720823
2018-04-22,4.016892265018507,5.424802652116646,11.865463840890781,15.341531648312909,18.306125029664916,19.806125029664916
2018-04-23,3.9994537084906696,5.410639125761422,11.86223567267976,15.337159569786918,18.313832219598098,19.813832219598098
2018-04-24,3.9821690155728335,5.3966802170183445,11.859134566362467,15.3327911381269,18.32158891570659,19.82158891570659
2018-04-25,3.9650467832553753,5.382932208868903,11.856163732029836,15.32843259459634,18.329395255190768,19.829395255190768
2018-04-26,3.9480956255425372,5.369401303705151,11.85332623462479,15.324090191184421,18.33725116554443,19.83725116554443
2018-04-27,3.931324170018865,5.3560936187453985,11.850624989386967,15.319770186340337,18.345156360028536,19.845156360028536
2018-04-28,3.9147410540660834,5.3430151812503235,11.848062757304032,15.315478840447357,18.35311033335774,19.85311033335774
2018-04-29,3.8983549207118973,5.330171923539693,11.84564214057858,15.311222411022209,18.361112357617465,19.861112357617465
2018-04-30,3.8821744140938454,5.31756967781204,11.843365578121583,15.30700714762713,18.369161478431124,19.869161478431124
2018-05-01,3.866208174521449,5.305214170770458,11.84123534108385,15.302839286482296,18.377256511397242,19.877256511397242
2018-05-02,3.8504648331198226,5.293111018058097,11.839253528437505,15.298725044766863,18.385396038816914,19.885396038816914
2018-05-03,3.834953006038438,5.281265718507961,11.837422062619689,15.294670614597306,18.393578406731418,19.893578406731418
2018-05-04,3.8196812882112816,5.269683648214441,11.835742685253665,15.29068215667488,18.401801722292888,19.901801722292888
2018-05-05,3.80465824665246,5.258370054432168,11.83421695295981,15.286765793591998,18.41006385148745,19.91006385148745
2018-05-06,3.78989241327616,5.247330049312692,11.832846233273587,15.282927602792428,18.418362417234484,19.918362417234484
2018-05-07,3.7753922772275246,5.236568603486989,11.831631700684303,15.279173609177912,18.426694797881616,19.926694797881616
2018-05-08,3.761166276715585,5.226090539506484,11.83057433281263,15.275509777359002,18.435058126118776,19.935058126118776
2018-05-09,3.747222790339544,5.215900525154674,11.829674906743147,15.271942003547466,18.44344928833162,19.94344928833162
2018-05-10,3.733570127901567,5.206003066643014,11.828933995529194,15.268476107090212,18.451864924415375,19.951864924415375
2018-05-11,3.7202165207023867,5.196402501706956,11.828351964888302,15.265117821647328,18.46030142806965,19.96030142806965
2018-05-12,3.7071701113182325,5.187102992619265,11.82792897010669,15.261872786019133,18.468754947594114,19.968754947594114
2018-05-13,3.694438942859575,5.178108519138436,11.827664953171004,15.258746534628964,18.47722138720357,19.97722138720357
2018-05-14,3.6820309477164255,5.169422871412796,11.827559640146637,15.255744487672144,18.48569640888048,19.98569640888048
2018-05-15,3.6699539357967925,5.161049642861018,11.827612538821086,15.252871940943361,18.494175434781155,19.994175434781155
2018-05-16,3.6582155822694276,5.1529922230521015,11.827822936631524,15.250134055358389,18.502653650210945,20.002653650210945
2018-05-17,3.6468234148260272,5.145253790609805,11.828189898896245,15.247535846189784,18.511126007182686,20.011126007182686
2018-05-18,3.635784800480087,5.137837306165737,11.828712267367207,15.245082172037167,18.519587228568675,20.019587228568675
2018-05-19,3.6251069319265046,5.130745505389485,11.82938865912362,15.242777723559039,18.528031812857755,20.028031812857755
2018-05-20,3.614796813488665,5.123980892123464,11.830217465823855,15.24062701199433,18.536454039524244,20.036454039524244
2018-05-21,3.604861246684166,5.117545731651349,11.831196853332635,15.238634357505497,18.544847975013923,20.044847975013923
2018-05-22,3.595306815447252,5.111442044131967,11.832324761741628,15.23680387738034,18.55320747935129,20.05320747935129
2018-05-23,3.5861398710477346,5.105671598228454,11.833598905797627,15.235139474130152,18.5615262133668,20.0615262133668
2018-05-24,3.5773665167541626,5.100235904966281,11.835016775754731,15.233644823528282,18.56979764654318,20.06979764654318
2018-05-25,3.5689925922923074,5.095136211852585,11.836575638663696,15.232323362634547,18.57801506547481,20.07801506547481
2018-05-26,3.561023658155065,5.090373497290008,11.838272540110916,15.231178277854646,18.586171582931826,20.086171582931826
2018-05-27,3.553464979825513,5.085948465319085,11.840104306418455,15.230212493087102,18.594260147517826,20.094260147517826
2018-05-28,3.5463215119799756,5.081861540723748,11.842067547315537,15.229428658013681,18.602273553907324,20.102273553907324
2018-05-29,3.5395978827402708,5.078112864532096,11.844158659087803,15.228829136589443,18.61020445364351,20.11020445364351
2018-05-30,3.5332983780529883,5.074702289948619,11.846373828213412,15.228415995795332,18.618045366478206,20.118045366478206
2018-05-31,3.5274269262725237,5.071629378748344,11.848709035487722,15.228190994712973,18.6257886922271,20.1257886922271
2018-06-01,3.521987083032357,5.068893398166686,11.851160060640664,15.228155573987156,18.633426723114642,20.133426723114642
2018-06-02,3.51698201649112,5.066493318316735,11.853722487447609,15.228310845741621,18.640951656578483,20.140951656578483
2018-06-03,3.512414493040543,5.064427810162168,11.85639170933019,15.228657584012346,18.64835560849821,20.14835560849821
2018-06-04,3.5082868635689604,5.062695244077226,11.859162935446086,15.229196215767573,18.655630626814947,20.155630626814947
2018-06-05,3.5046010503700664,5.061293689017807,11.86203119725881,15.22992681257795,18.662768705499815,20.162768705499815
2018-06-06,3.5013585347914606,5.060220912330108,11.864991355580692,15.230849083003923,18.669761798831274,20.169761798831274
2018-06-07,3.4985603457161023,5.05947438021957,11.868038108078505,15.23196236576465,18.67660183593744,20.17660183593744
2018-06-08,3.4962070489673387,5.059051258898987,11.871165997227385,15.233265623749528,18.683280735555783,20.183280735555783
2018-06-09,3.494298737728954,5.058948416434473,11.874369418699038,15.234757438933386,18.689790420963604,20.189790420963604
2018-06-10,3.4928350240671246,5.059162425303254,11.877642630166035,15.236436008251577,18.696122835028817,20.196122835028817
2018-06-11,3.4918150316373,5.059689565673967,11.880979760501686,15.23829914048732,18.702269955329406,20.202269955329406
2018-06-12,3.4912373896566358,5.06052582941895,11.884374819354933,15.240344254221517,18.708223809290917,20.208223809290917
2018-06-13,3.4911002282141226,5.0616669248616475,11.887821707074686,15.242568376887466,18.713976489287724,20.213976489287724
2018-06-14,3.4914011749858904,5.063108282260402,11.891314224957807,15.24496814496932,18.71952016765521,20.21952016765521
2018-06-15,3.492137353417027,5.064845060027281,11.894846085794255,15.247539805378306,18.72484711156123,20.22484711156123
2018-06-16,3.493305382419379,5.066872151673075,11.898410924677334,15.250279218030654,18.729949697681594,20.229949697681594
2018-06-17,3.4949013776299402,5.069184193469671,11.902002310049427,15.253181859648322,18.734820426629184,20.234820426629184
2018-06-18,3.496920954263464,5.071775572815786,11.905613754950789,15.256242828795125,18.739451937085793,20.239451937085793
2018-06-19,3.49935923158106,5.074640437286283,11.909238728435856,15.259456852151626,18.743837019585428,20.243837019585428
2018-06-20,3.502210838990422,5.077772704346035,11.912870667124976,15.262818292028925,18.747968629903916,20.247968629903916
2018-06-21,3.50546992377701,5.081166071700091,11.916502986853201,15.266321155108436,18.75183990200631,20.25183990200631
2018-06-22,3.509130160458591,5.084814028252611,11.920129094381416,15.269959102391034,18.755444160510223,20.255444160510223
2018-06-23,3.51318476174319,5.088709865642407,11.923742399133479,15.273725460330152,18.75877493262455,20.25877493262455
2018-06-24,3.517626491057923,5.092846690318361,11.927336324921596,15.2776132331143,18.76182595952483,20.26182595952483
2018-06-25,3.522447676606479,5.097217436116249,11.930904321623467,15.281615116058429,18.764591207130685,20.264591207130685
2018-06-26,3.5276402269035625,5.10181487729709,11.934439876776356,15.285723510057533,18.76706487625562,20.26706487625562
2018-06-27,3.533195647720044,5.106631642000277,11.93793652704945,15.28993053704495,18.769241412098623,20.269241412098623
2018-06-28,3.5391050603682945,5.111660226068089,11.941387869562142,15.294228056396719,18.771115513056195,20.271115513056195
2018-06-29,3.545359221243432,5.116893007191681,11.944787573012153,15.298607682212987,18.772682138832625,20.272682138832625
2018-06-30,3.551948542530072,5.122322259329187,11.948129388580746,15.303060801404095,18.773936517832304,20.273936517832304
2018-07-01,3.5588631139778606,5.127940167346574,11.951407160584756,15.307578592505497,18.77487415382294,20.27487415382294
2018-07-02,3.5660927256385424,5.133738841827036,11.9546148368428,15.312152045137545,18.775490831858566,20.275490831858566
2018-07-03,3.5736268914557527,5.139710333998106,11.957746478728549,15.31677198002669,18.77578262345899,20.27578262345899
2018-07-04,3.581454873592813,5.145846650724166,11.960796270884467,15.32142906950057,18.775745891044767,20.275745891044767
2018-07-05,3.58956570737889,5.152139769510622,11.963758530569802,15.326113858365897,18.77537729162898,20.27537729162898
2018-07-06,3.597948226754122,5.158581653469173,11.9666277166213,15.330816785079483,18.774673779773426,20.274673779773426
2018-07-07,3.60659109009144,5.16516426619274,11.969398438005548,15.335528203120463,18.773632609818357,20.273632609818357
2018-07-08,3.615482806272066,5.171879586489258,11.97206546194359,15.34023840247148,18.772251337397922,20.272251337397922
2018-07-09,3.6246117608952364,5.1787196229275665,11.974623721593268,15.34493763112012,18.77052782025897,20.27052782025897
2018-07-10,3.6339662425012094,5.185676428147128,11.97706832327381,15.349616116490143,18.76846021840049,20.26846021840049
2018-07-11,3.643534468691481,5.192742112887181,11.97939455322142,15.354264086716263,18.76604699355566,20.26604699355566
2018-07-12,3.653304612034985,5.199908859694346,11.981597883868037,15.358871791680153,18.763286908041728,20.263286908041728
2018-07-13,3.6632648256493585,5.207168936265937,11.983673979633656,15.363429523724596,18.760179023001374,20.260179023001374
2018-07-14,3.673403268357074,5.214514708394298,11.985618702230154,15.367927637971995,18.75672269606601,20.25672269606601
2018-07-15,3.683708129317786,5.221938652475816,11.987428115472449,15.372356572173352,18.75291757846908,20.25291757846908
2018-07-16,3.6941676520468825,5.229433367553545,11.989098489597245,15.376706866020939,18.748763611640946,20.248763611640946
2018-07-17,3.7047701577370837,5.23699158686517,11.99062630509154,15.380969179862678,18.74426102331791,20.24426102331791
2018-07-18,3.7155040678066076,5.244606188870585,11.992008256034405,15.385134312761078,18.739410323198225,20.239410323198225
2018-07-19,3.7263579256044554,5.252270207736091,11.993241252957155,15.389193219844698,18.73421229817822,20.23421229817822
2018-07-20,3.7373204172134287,5.259976843257567,11.994322425230894,15.393137028907931,18.72866800720422,20.22866800720422
2018-07-21,3.7483803912959086,5.267719470204858,11.99524912298881,15.396957056217486,18.72277877577276,20.22277877577276
2018-07-22,3.7595268779385336,5.2754916470760165,11.996018918595519,15.400644821492971,18.71654619011502,20.21654619011502
2018-07-23,3.7707491064577017,5.283287124251099,11.996629607674967,15.404192062032738,18.709972091098834,20.209972091098834
2018-07-24,3.782036522135133,5.291099851538095,11.99707920970978,15.407590745961834,18.703058567881463,20.203058567881463
2018-07-25,3.7933788018624934,5.29892398510862,11.997365968228092,15.41083308458651,18.695807951347565,20.195807951347565
2018-07-26,3.804765868678091,5.306753893820921,11.99748835059209,15.413911543842431,18.688222807363257,20.188222807363257
2018-07-27,3.816187905187661,5.314584164932451,11.99744504740541,15.416818854830883,18.68030592987837,20.18030592987837
2018-07-28,3.827635365867234,5.322409609206363,11.99723497155694,15.419548023441966,18.672060333907517,20.172060333907517
2018-07-29,3.8390989882514415,5.3302252654179805,11.996857256918306,15.422092339067694,18.66348924841863,20.16348924841863
2018-07-30,3.8505698030171587,5.338026404270363,11.996311256714002,15.424445382413385,18.65459610915764,20.15459610915764
2018-07-31,3.8620391429766947,5.345808531729284,11.995596541582337,15.426601032418883,18.64538455143539,20.14538455143539
2018-08-01,3.873498651000208,5.353567391790464,11.994712897346476,15.428553472305797,18.63585840290249,20.13585840290249
2018-08-02,3.88494028689124,5.361298968693578,11.99366032251492,15.430297194770281,18.62602167633626,20.12602167633626
2018-08-03,3.896356333242874,5.3689994885987335,11.992439025530405,15.431827006343818,18.61587856246208,20.11587856246208
2018-08-04,3.9077394003045,5.376665420741733,11.991049421785585,15.433138030946596,18.605433422829435,20.105433422829435
2018-08-05,3.919082429894681,5.384293478087958,11.989492130425885,15.43422571266288,18.594690782763813,20.094690782763813
2018-08-06,3.9303786983944633,5.391880617502232,11.987767970956307,15.435085817766495,18.583655324410383,20.083655324410383
2018-08-07,3.941621818861373,5.399424039456509,11.985877959672298,15.435714436030137,18.572331879888086,20.072331879888086
2018-08-08,3.952805742302134,5.406921187294185,11.983823305930718,15.43610798134999,18.560725424567252,20.060725424567252
2018-08-09,3.9639247581470833,5.4143697460737625,11.981605408279782,15.436263191721745,18.5488410704858,20.0488410704858
2018-08-10,3.974973493967381,5.421767641012366,11.979225850464028,15.436177128602734,18.53668405991569,20.03668405991569
2018-08-11,3.9859469144778625,5.429113035550774,11.976686397320451,15.435847175696201,18.52425975909013,20.02425975909013
2018-08-12,3.996840319868471,5.436404329061663,11.973988990581498,15.43527103719434,18.511573652101333,20.011573652101333
2018-08-13,4.007649343507633,5.443640154223045,11.971135744600247,15.434446735517241,18.498631334977446,19.998631334977446
2018-08-14,4.01836994905949,5.4508193740775726,11.968128942011147,15.433372608583475,18.48543850994472,19.98543850994472
2018-08-15,4.028998427057656,5.457941078799349,11.96497102934053,15.432047306649435,18.472000979881713,19.972000979881713
2018-08-16,4.0395313909762045,5.4650045821883255,11.96166461257885,15.43046978875254,18.458324642969377,19.958324642969377
2018-08-17,4.049965772838546,5.472009417912651,11.958212452726814,15.428639318793794,18.444415487540976,19.944415487540976
2018-08-18,4.060298818404046,5.478955335519195,11.954617461327155,15.426555461294747,18.430279587135114,19.930279587135114
2018-08-19,4.0705280819690435,5.485842296229752,11.950882695990993,15.424218076860992,18.415923095752234,19.915923095752234
2018-08-20,4.080651420820343,5.492670468542616,11.947011355929602,15.42162731738596,18.401352243316587,19.901352243316587
2018-08-21,4.090666989375781,5.499440223656386,11.94300677749991,15.418783621025913,18.386573331343435,19.886573331343435
2018-08-22,4.100573233044924,5.5061521307320795,11.938872429770944,15.415687706975525,18.37159272880981,19.87159272880981
2018-08-23,4.110368881843459,5.512806952010929,11.934611910119967,15.412340570074427,18.356416868229005,19.856416868229005
2018-08-24,4.120052943789837,5.519405637801019,11.930228939862966,15.408743475270363,18.341052241924913,19.841052241924913
2018-08-25,4.129624698114501,5.5259493213484525,11.92572735992661,15.404897951966575,18.325505398504767,19.825505398504767
2018-08-26,4.1390836883078554,5.532439313605463,11.921111126566048,15.400805788277351,18.309782939526634,19.809782939526634
2018-08-27,4.1484297150322265,5.538877097907679,11.916384307132585,15.396469025214838,18.29389151635749,19.79389151635749
2018-08-28,4.157662828921576,5.5452643245721385,11.911551075895037,15.391889950829018,18.277837827217937,19.777837827217937
2018-08-29,4.166783323291503,5.551602805427128,11.906615709918306,15.387071094321803,18.261628614409485,19.761628614409485
2018-08-30,4.175791726777946,5.557894508281649,11.901582584999721,15.382015220152352,18.245270661717793,19.745270661717793
2018-08-31,4.184688795925918,5.564141551345878,11.896456171667324,15.376725322153522,18.228770791988772,19.728770791988772
2018-09-01,4.193475507742437,5.570346197607665,11.891241031238646,15.371204617672849,18.212135864869627,19.712135864869627
2018-09-02,4.20215305223066,5.5765108491734985,11.885941811941803,15.365456541754028,18.19537277471011,19.69537277471011
2018-09-03,4.210722824919338,5.58263804158029,11.880563245099205,15.359484741372345,18.178488448618122,19.678488448618122
2018-09-04,4.2191864193986195,5.588730438081787,11.875110141371888,15.35329306973446,18.16148984466199,19.66148984466199
2018-09-05,4.227545619874756,5.594790823915589,11.869587387064794,15.346885580654506,18.144383950214,19.644383950214
2018-09-06,4.235802393752645,5.600822100553719,11.863999940490933,15.340266523015138,18.12717778042815,19.62717778042815
2018-09-07,4.243958884254133,5.606827279939223,11.85835282839182,15.333440335320976,18.109878376844414,19.609878376844414
2018-09-08,4.252017403080516,5.61280947871231,11.852651142413134,15.326411640352536,18.092492806113956,19.592492806113956
2018-09-09,4.259980423123948,5.618771912426323,11.846900035631519,15.319185239925089,18.075028158836716,19.575028158836716
2018-09-10,4.267850571232683,5.624717889754516,11.841104719129499,15.311766109757098,18.05749154850448,19.55749154850448
2018-09-11,4.275630621035556,5.630650806689486,11.835270458616366,15.30415939445313,18.039890110543247,19.539890110543247
2018-09-12,4.283323485826007,5.636574140732535,11.82940257108896,15.29637040260146,18.022231001445384,19.522231001445384
2018-09-13,4.290932211509089,5.642491445073604,11.823506421529514,15.288404601989185,18.00452139798542,19.50452139798542
2018-09-14,4.298459969612565,5.6484063427606,11.817587419636302,15.280267614935601,17.986768496512006,19.486768496512006
2018-09-15,4.305910050360555,5.654322520854562,11.811651016580676,15.271965213741744,17.968979512306788,19.468979512306788
2018-09-16,4.313285855811753,5.660243724570994,11.80570270178793,15.263503316257308,17.951161679004866,19.451161679004866
2018-09-17,4.320590893058095,5.666173751401898,11.799747999734203,15.25488798156028,17.93332224806651,19.43332224806651
2018-09-18,4.327828767483465,5.672116445217009,11.793792466755326,15.246125405747778,17.91546848829364,19.41546848829364
2018-09-19,4.335003176079915,5.678075690340932,11.787841687862088,15.237221917834555,17.897607685383242,19.397607685383242
2018-09-20,4.342117900817329,5.684055405601516,11.781901273555095,15.228183975753822,17.879747141508673,19.379747141508673
2018-09-21,4.3491768020629635,5.690059538345672,11.77597685663337,15.219018162455441,17.86189417492107,19.36189417492107
2018-09-22,4.3561838120483225,5.696092058420007,11.770074088991906,15.209731182097103,17.844056119563806,19.344056119563806
2018-09-23,4.363142928375985,5.702156952109087,11.76419863839922,15.200329856319433,17.82624032468935,19.32624032468935
2018-09-24,4.370058207564309,5.708258216029666,11.758356185251113,15.190821120600617,17.80845415447256,19.30845415447256
2018-09-25,4.376933758622915,5.714399850974395,11.752552419292282,15.181212020681059,17.79070498761017,19.29070498761017
2018-09-26,4.383773736653737,5.720585855700705,11.746793036299493,15.171509709050223,17.773000216898282,19.273000216898282
2018-09-27,4.3905823364735035,5.726820220661672,11.741083734721006,15.161721441488183,17.75534724878034,19.25534724878034
2018-09-28,4.397363786249279,5.733106921671933,11.73543021226332,15.151854573650475,17.73775350285471,19.23775350285471
2018-09-29,4.404122341142646,5.7394499135055845,11.729838162419924,15.141916557687814,17.720226411334263,19.220226411334263
2018-09-30,4.4108622769565216,5.745853123421853,11.724313270935475,15.131914938890603,17.702773418449098,19.202773418449098
2018-10-01,4.417587883777188,5.752320444613044,11.718861212197453,15.1218573523462,17.68540197978186,19.18540197978186
2018-10-02,4.424303459606666,5.7588557295720655,11.713487645549964,15.111751519599228,17.668119561527863,19.168119561527863
2018-10-03,4.43101330397889,5.765462783375355,11.708198211522536,15.101605245302633,17.650933639669717,19.150933639669717
2018-10-04,4.437721711552829,5.772145356877097,11.702998527966844,15.091426413847056,17.633851699056592,19.133851699056592
2018-10-05,4.444432965678352,5.778907139813317,11.697894186096526,15.081222985957645,17.616881232379736,19.116881232379736
2018-10-06,4.451151331927186,5.785751753811496,11.692890746422037,15.07100299524371,17.60002973903258,19.10002973903258
2018-10-07,4.457881051584977,5.792682745305068,11.687993734576125,15.06077454468993,17.58330472384718,19.08330472384718
2018-10-08,4.464626335098771,5.799703578350872,11.683208637023483,15.05054580307495,17.566713695696095,19.066713695696095
2018-10-09,4.471391355474182,5.806817627347915,11.67854089664851,15.04032500130343,17.550264165949105,19.050264165949105
2018-10-10,4.478180241619377,5.814028169658844,11.673995908217417,15.030120428639055,17.53396364677599,19.03396364677599
2018-10-11,4.484997071630197,5.821338378133191,11.669579013708312,15.01994042882312,17.51781964928343,19.01781964928343
2018-10-12,4.491845866013524,5.828751313534465,11.665295497505475,15.009793396065099,17.501839681476486,19.001839681476486
2018-10-13,4.498730580845997,5.836269916873608,11.661150581454024,14.99968777089136,17.48603124603444,18.98603124603444
2018-10-14,4.505655100865063,5.8438970016514595,11.657149419770672,14.989632035836713,17.470401837889884,18.970401837889884
2018-10-15,4.512623232490931,5.851635246015043,11.653297093808217,14.979634710965339,17.45495894160139,18.95495894160139
2018-10-16,4.5196386967778395,5.859487184832425,11.649598606670587,14.969704349205891,17.43971002850875,18.93971002850875
2018-10-17,4.52670512229442,5.867455201693005,11.646058877676897,14.959849531486846,17.424662553660788,18.924662553660788
2018-10-18,4.533826037933764,5.875541520841029,11.642682736673507,14.950078861658138,17.409823952505985,18.909823952505985
2018-10-19,4.541004865654532,5.883748199051485,11.639474918193532,14.940400961184956,17.39520163733558,18.89520163733558
2018-10-20,4.548244913154306,5.892077117457713,11.636440055463368,14.93082446359934,17.380802993469022,18.880802993469022
2018-10-21,4.555549366480125,5.900529973344277,11.633582674258957,14.921358008697691,17.366635375173637,18.866635375173637
2018-10-22,4.562921282578564,5.909108271916466,11.630907186612099,14.912010236469552,17.35270610130773,18.85270610130773
2018-10-23,4.570363581792542,5.917813318063125,11.628417884371668,14.902789780747003,17.33902245068021,18.83902245068021
2018-10-24,4.577879040309629,5.926646208127309,11.626118932622163,14.893705262561333,17.325591657117016,18.825591657117016
2018-10-25,4.585470282571045,5.935607821704455,11.624014362966129,14.884765283197101,17.312420904227803,18.812420904227803
2018-10-26,4.593139773649682,5.944698813486873,11.62210806667634,14.875978416933052,17.299517319865807,18.799517319865807
2018-10-27,4.600889811607342,5.953919605175969,11.620403787725067,14.867353203460262,17.286887970274165,18.786887970274165
2018-10-28,4.608722519843116,5.963270377485429,11.618905115699597,14.858898139969579,17.274539853913765,18.774539853913765
2018-10-29,4.616639839446272,5.972751062260556,11.617615478614557,14.850621672901717,17.262479894968557,18.762479894968557
2018-10-30,4.624643521567684,5.982361334739785,11.616538135632041,14.84253218935357,17.250714936524297,18.750714936524297
2018-10-31,4.632735119826286,5.992100605987073,11.615676169703214,14.834638008137222,17.239251733419355,18.739251733419355
2018-11-01,4.640915982767567,6.001968015524799,11.615032480145398,14.826947370488366,17.228096944765998,18.728096944765998
2018-11-02,4.649187246393282,6.011962424198792,11.614609775170909,14.819468430423303,17.217257126143025,18.717257126143025
2018-11-03,4.657549826783619,6.022082407309508,11.614410564385985,14.812209244746263,17.20673872146246,18.70673872146246
2018-11-04,4.6660044128322795,6.032326248042509,11.614437151277603,14.805177762708414,17.196548054512697,18.696548054512697
2018-11-05,4.674551459119659,6.042691931235961,11.614691625710464,14.798381815325111,17.186691320184966,18.686691320184966
2018-11-06,4.683191178948228,6.053177137521786,11.615175856455952,14.791829104358111,17.17717457539012,18.67717457539012
2018-11-07,4.6919235375660335,6.063779237878528,11.615891483776544,14.785527190971969,17.16800372967456,18.66800372967456
2018-11-08,4.700748245607642,6.07449528863706,11.61683991209279,14.779483484078359,17.15918453554852,18.65918453554852
2018-11-09,4.7096647527795525,6.08532202697759,11.618022302758245,14.77370522838164,17.1507225785389,18.6507225785389
2018-11-10,4.71867224182208,6.096255866960643,11.619439566972517,14.768199492144753,17.14262326698439,18.64262326698439
2018-11-11,4.727769622778169,6.107292896132591,11.62109235886195,14.762973154695693,17.13489182159131,18.63489182159131
2018-11-12,4.736955527601445,6.118428872747177,11.622981068759263,14.758032893697873,17.127533264771348,18.627533264771348
2018-11-13,4.746228305136803,6.129659223644609,11.625105816715095,14.753385172211338,17.12055240978558,18.62055240978558
2018-11-14,4.755586016508101,6.140979042829869,11.62746644627618,14.74903622557536,17.113953849722492,18.613953849722492
2018-11-15,4.7650264309454755,6.152383090788604,11.630062518563257,14.744992048143594,17.10774194633791,18.60774194633791
2018-11-16,4.774547022089816,6.163865794582591,11.632893306687357,14.741258379910533,17.101920818792124,18.601920818792124
2018-11-17,4.7841449648063055,6.175421248759541,11.635957790538349,14.737840693066005,17.096494332317157,18.596494332317157
2018-11-18,4.793817132543435,6.187043217114891,11.639254651984452,14.734744178521588,17.091466086854012,18.591466086854012
2018-11-19,4.803560095271969,6.198725135339476,11.642782270520382,14.731973732454609,17.086839405701287,18.586839405701287
2018-11-20,4.813370118036282,6.210460114582894,11.646538719400485,14.72953394291697,17.082617324218077,18.582617324218077
2018-11-21,4.8232431601524866,6.222240945962358,11.650521762295693,14.727429076561357,17.078802578629027,18.578802578629027
2018-11-22,4.833174875084126,6.234060106041024,11.654728850510718,14.725663065538221,17.075397594980412,18.575397594980412
2018-11-23,4.843160611025514,6.245909763296776,11.659157120797602,14.724239494619528,17.072404478298427,18.572404478298427
2018-11-24,4.853195412222291,6.257781785599491,11.66380339380219,14.723161588609088,17.06982500200489,18.56982500200489
2018-11-25,4.8632740210544085,6.269667748708191,11.66866417317668,14.722432200098968,17.06766059764517,18.56766059764517
2018-11-26,4.873390880905735,6.2815589457958865,11.673735645391023,14.722053797634391,17.06591234498616,18.56591234498616
2018-11-27,4.883540139843184,6.29344639800604,11.679013680275528,14.722028454352202,17.064580962545016,18.564580962545016
2018-11-28,4.893715655121316,6.305320866035352,11.68449383232096,14.722357837155144,17.06366679860657,18.56366679860657
2018-11-29,4.90391099852895,6.317172862735433,11.690171342763747,14.723043196488462,17.063169822792062,18.563169822792062
2018-11-30,4.914119462589767,6.328992666719159,11.696041142479952,14.724085356784329,17.063089618240745,18.563089618240745
2018-12-01,4.924334067622436,6.3407703369486015,11.702097855706256,14.72548470763697,17.06342537446391,18.56342537446391
2018-12-02,4.9345475696669645,6.352495728280378,11.70833580460764,14.727241195775154,17.0641758809349,18.5641758809349
2018-12-03,4.9447524692735065,6.36415850793183,11.714749014701873,14.72935431789185,17.065339521471916,18.565339521471916
2018-12-04,4.954941021150098,6.375748172829642,11.72133122115158,14.73182311439308,17.066914269473518,18.566914269473518
2018-12-05,4.965105244659547,6.387254067794679,11.728075875928763,14.734646164124285,17.068897684062847,18.568897684062847
2018-12-06,4.975236935149805,6.39866540450943,11.734976155851324,14.737821580128337,17.07128690719322,18.57128690719322
2018-12-07,4.985327676098493,6.409971281209593,11.742024971487538,14.74134700648695,17.074078661765483,18.574078661765483
2018-12-08,4.995368852048514,6.421160703036779,11.749214976920992,14.745219616294438,17.077269250805205,18.577269250805205
2018-12-09,5.005351662302601,6.432222602979515,11.756538580359404,14.749436110803956,17.080854557739293,18.580854557739293
2018-12-10,5.015267135345123,6.443145863330095,11.763987955571192,14.753992719786694,17.08483004781229,18.58483004781229
2018-12-11,5.025106143950232,6.453919337575623,11.771555054124185,14.758885203134348,17.089190770672747,18.589190770672747
2018-12-12,5.034859420932751,6.464531872639409,11.779231618397983,14.76410885373138,17.093931364156557,18.593931364156557
2018-12-13,5.044517575494904,6.474972331386439,11.787009195337632,14.769658501618082,17.099046059288824,18.599046059288824
2018-12-14,5.054071110114091,6.485229615299975,11.794879150907946,14.775528519455364,17.104528686515916,18.604528686515916
2018-12-15,5.0635104379163955,6.495292687237381,11.802832685206575,14.781712829298364,17.11037268317577,18.61037268317577
2018-12-16,5.072825900476069,6.505150594170935,11.810860848188657,14.788204910677948,17.11657110220638,18.61657110220638
2018-12-17,5.082007785975918,6.5147924898162906,11.81895455594979,14.794997809979826,17.12311662208329,18.62311662208329
2018-12-18,5.091046347663774,6.5242076570541485,11.827104607513132,14.802084151106335,17.130001557972115,18.630001557972115
2018-12-19,5.099931822535545,6.533385530049223,11.835301702060836,14.809456147396368,17.137217874072448,18.637217874072448
2018-12-20,5.1086544501735425,6.542315715971839,11.843536456546904,14.817105614771371,17.14475719712197,18.64475719712197
2018-12-21,5.117204491669241,6.550988016231571,11.851799423627753,14.825023986069901,17.152610831023935,18.652610831023935
2018-12-22,5.125572248555957,6.559392447132527,11.860081109841792,14.833202326523327,17.160769772551056,18.660769772551056
2018-12-23,5.133748081678012,6.567519259864779,11.868371993968982,14.841631350319687,17.169224728073182,18.669224728073182
2018-12-24,5.1417224299245445,6.575358959752135,11.87666254550146,14.850301438197686,17.177966131250784,18.677966131250784
2018-12-25,5.149485828752375,6.5829023246769465,11.88494324315113,14.859202656002047,17.18698416162531,18.68698416162531
2018-12-26,5.157028928429062,6.590140422613498,11.89320459332533,14.86832477413135,17.19626876403716,18.69626876403716
2018-12-27,5.16434251192447,6.597064628202948,11.901437148497378,14.877657287799556,17.205809668791808,18.705809668791808
2018-12-28,5.1714175123839565,6.603666638311772,11.909631525402126,14.887189438030461,17.21559641249248,18.71559641249248
2018-12-29,5.178245030118376,6.609938486521751,11.91777842298728,14.896910233299561,17.225618359452806,18.725618359452806
2018-12-30,5.184816349049182,6.615872556506589,11.925868640052917,14.906808471734431,17.235864723599246,18.735864723599246
2018-12-31,5.191122952549656,6.621461594256695,11.933893092513063,14.916872763781084,17.246324590769433,18.746324590769433
